{"cameraMode":{"drawMode":0,"name":"Shaded","section":"Shading Mode"},"sceneLighting":false,"audioPlay":false,"sceneViewState":{"showFog":true,"showMaterialUpdate":false,"showSkybox":false,"showFlares":true,"showImageEffects":true,"showParticleSystems":true},"in2DMode":false,"pivot":{"x":1.535323143005371,"y":0.17786407470703126,"z":2.0891740322113039},"rotation":{"x":-0.28276360034942629,"y":-0.6257508993148804,"z":0.2607426643371582,"w":-0.6785969138145447},"size":2.8578836917877199,"orthographic":false}