{"cameraMode":{"drawMode":0,"name":"Shaded","section":"Shading Mode"},"sceneLighting":true,"audioPlay":false,"sceneViewState":{"showFog":true,"showMaterialUpdate":true,"showSkybox":true,"showFlares":true,"showImageEffects":true,"showParticleSystems":true},"in2DMode":false,"pivot":{"x":-10.600000381469727,"y":0.0,"z":8.229999542236329},"rotation":{"x":-0.38933372497558596,"y":-0.5954552292823792,"z":0.4024214744567871,"w":-0.5761157870292664},"size":1.4970707893371583,"orthographic":true}