{"cameraMode":{"drawMode":0,"name":"Shaded","section":"Shading Mode"},"sceneLighting":false,"audioPlay":false,"sceneViewState":{"showFog":true,"showMaterialUpdate":false,"showSkybox":false,"showFlares":true,"showImageEffects":true,"showParticleSystems":true},"in2DMode":false,"pivot":{"x":-0.14191818237304688,"y":2.068295478820801,"z":-8.985466957092286},"rotation":{"x":-0.15546011924743653,"y":-0.5623927116394043,"z":0.10863212496042252,"w":-0.8048264384269714},"size":64.81282806396485,"orthographic":false}