{"cameraMode":{"drawMode":0,"name":"Shaded","section":"Shading Mode"},"sceneLighting":false,"audioPlay":false,"sceneViewState":{"showFog":true,"showMaterialUpdate":false,"showSkybox":false,"showFlares":true,"showImageEffects":true,"showParticleSystems":true},"in2DMode":false,"pivot":{"x":-1.3085241317749024,"y":0.7649999856948853,"z":0.027871638536453248},"rotation":{"x":0.15066897869110108,"y":0.8064263463020325,"z":-0.23259826004505158,"w":0.5223729610443115},"size":1.1433321237564088,"orthographic":false}