{"cameraMode":{"drawMode":0,"name":"Shaded","section":"Shading Mode"},"sceneLighting":false,"audioPlay":false,"sceneViewState":{"showFog":true,"showMaterialUpdate":true,"showSkybox":false,"showFlares":true,"showImageEffects":true,"showParticleSystems":true},"in2DMode":false,"pivot":{"x":-0.6370996236801148,"y":-6.638422012329102,"z":-4.345775604248047},"rotation":{"x":-0.48319780826568606,"y":-0.0021095946431159975,"z":0.0011682362528517843,"w":-0.8755079507827759},"size":22.0,"orthographic":true}