{"cameraMode":{"drawMode":0,"name":"Shaded","section":"Shading Mode"},"sceneLighting":true,"audioPlay":false,"sceneViewState":{"showFog":true,"showMaterialUpdate":true,"showSkybox":true,"showFlares":true,"showImageEffects":true,"showParticleSystems":true},"in2DMode":false,"pivot":{"x":-3.5068359375,"y":1.201171875,"z":7.2461700439453129},"rotation":{"x":-0.44654351472854617,"y":-0.5534470677375794,"z":0.4975985884666443,"w":-0.4966798722743988},"size":11.314681053161621,"orthographic":true}